{
  "mean_rigorous_score": 0.23005952380952382,
  "total_samples": 176,
  "json_parse_failures": 3,
  "failure_rate": 0.017045454545454544
}