{
    "anthropic_claude-3-5-haiku-20241022": {
        "line_label": "L2",
        "original_value": 50.00000000000001,
        "new_value": 51.00000000000001,
        "seed": 566457
    },
    "openai_gpt-4.1-mini": {
        "line_label": "L2",
        "original_value": 50.00000000000001,
        "new_value": 51.00000000000001,
        "seed": 154047672
    },
    "google_gemini-2.0-flash-thinking-exp": {
        "line_label": "L2",
        "original_value": 50.00000000000001,
        "new_value": 60.00000000000001,
        "seed": 2513567238
    },
    "google_gemini-2.5-flash-lite-preview-06-17": {
        "line_label": "L2",
        "original_value": 0.6666666666666667,
        "new_value": 1.6666666666666667,
        "seed": 3785662541
    },
    "google_gemini-2.5-flash": {
        "line_label": "L3",
        "original_value": 110.0,
        "new_value": 111.0,
        "seed": 1000783524
    }
}